Year,Month,Day,Income,Expenses,Description,Reoccurring?,Essential?
2015,1,1,2056,1847,,No,No
2015,1,1,771,725,,No,No
2015,1,4,237,2500,,No,No
2015,1,4,809,558,,No,No
2015,1,7,1747,785,,No,No
2015,1,8,259,486,,No,No
2015,1,10,1671,383,,No,No
2015,1,13,2800,461,,No,No
2015,1,16,2534,166,,No,No
2015,1,18,2521,1279,,No,No
2015,1,19,2355,346,,No,No
2015,1,19,904,809,,No,No
2015,1,20,220,652,,No,No
2015,1,23,1786,1956,,No,No
2015,1,26,1419,146,,No,No
2015,1,27,571,2278,,No,No
2015,2,9,820,1170,,No,No
2015,2,14,2414,145,,No,No
2015,2,15,525,921,,No,No
2015,2,17,121,331,,No,No
2015,2,19,241,944,,No,No
2015,2,24,1393,66,,No,No
2015,2,26,648,1400,,No,No
2015,3,1,1354,1136,,No,No
2015,3,9,2599,1657,,No,No
2015,3,9,591,987,,No,No
2015,3,10,2482,190,,No,No
2015,3,15,1640,74,,No,No
2015,3,17,2620,1378,,No,No
2015,3,19,911,916,,No,No
2015,3,19,2256,49,,No,No
2015,3,20,2599,247,,No,No
2015,3,25,1506,655,,No,No
2015,3,28,591,1727,,No,No
2015,3,28,2799,1185,,No,No
2015,4,2,183,1343,,No,No
2015,4,4,452,1462,,No,No
2015,4,10,2159,407,,No,No
2015,4,13,1123,221,,No,No
2015,4,14,1695,1790,,No,No
2015,4,16,1977,1478,,No,No
2015,4,17,2483,2253,,No,No
2015,4,17,1735,414,,No,No
2015,4,18,964,1538,,No,No
2015,4,24,1656,23,,No,No
2015,4,28,261,1055,,No,No
2015,5,6,2916,1241,,No,No
2015,5,6,1566,2462,,No,No
2015,5,6,384,2188,,No,No
2015,5,7,2687,2305,,No,No
2015,5,11,1600,1690,,No,No
2015,5,12,2386,1353,,No,No
2015,5,13,2180,1324,,No,No
2015,5,15,216,1157,,No,No
2015,5,16,212,803,,No,No
2015,5,19,220,2065,,No,No
2015,5,20,2138,287,,No,No
2015,5,26,2066,699,,No,No
2015,5,26,1330,1442,,No,No
2015,6,2,523,518,,No,No
2015,6,5,1651,1303,,No,No
2015,6,8,1292,84,,No,No
2015,6,8,2756,1389,,No,No
2015,6,12,1617,531,,No,No
2015,6,15,2798,393,,No,No
2015,6,25,595,1834,,No,No
2015,6,26,2469,2478,,No,No
2015,7,4,2210,343,,No,No
2015,7,7,804,37,,No,No
2015,7,8,1645,1480,,No,No
2015,7,11,1827,1312,,No,No
2015,7,16,322,1654,,No,No
2015,7,17,518,1479,,No,No
2015,7,18,1834,1995,,No,No
2015,7,20,1503,223,,No,No
2015,7,23,1876,1700,,No,No
2015,7,24,1015,2081,,No,No
2015,7,28,240,641,,No,No
2015,8,3,2582,605,,No,No
2015,8,3,1578,2229,,No,No
2015,8,5,1835,395,,No,No
2015,8,12,1782,1449,,No,No
2015,8,19,333,958,,No,No
2015,8,23,2582,1688,,No,No
2015,8,28,1250,693,,No,No
2015,8,28,935,1005,,No,No
2015,9,6,2512,1531,,No,No
2015,9,9,1493,1127,,No,No
2015,9,12,2789,602,,No,No
2015,9,16,1017,1281,,No,No
2015,9,20,2224,1688,,No,No
2015,9,24,251,1760,,No,No
2015,9,25,52,546,,No,No
2015,9,27,282,2136,,No,No
2015,10,2,2954,31,,No,No
2015,10,5,1613,1405,,No,No
2015,10,6,2669,1848,,No,No
2015,10,7,1466,2386,,No,No
2015,10,8,1391,304,,No,No
2015,10,12,2414,1674,,No,No
2015,10,12,1506,1679,,No,No
2015,10,18,2192,1891,,No,No
2015,10,19,906,2048,,No,No
2015,10,20,499,2217,,No,No
2015,10,24,444,2111,,No,No
2015,10,25,2584,362,,No,No
2015,10,27,1621,20,,No,No
2015,10,28,1056,156,,No,No
2015,11,2,2846,1007,,No,No
2015,11,5,465,2252,,No,No
2015,11,5,1699,629,,No,No
2015,11,9,1785,2477,,No,No
2015,11,9,2876,1466,,No,No
2015,11,11,1217,1603,,No,No
2015,11,11,1390,1224,,No,No
2015,11,13,2055,2387,,No,No
2015,11,24,310,1560,,No,No
2015,12,3,2168,131,,No,No
2015,12,3,2044,653,,No,No
2015,12,6,589,121,,No,No
2015,12,6,575,1064,,No,No
2015,12,7,2344,2004,,No,No
2015,12,11,959,46,,No,No
2015,12,12,2026,1278,,No,No
2015,12,14,1235,926,,No,No
2015,12,15,2779,1248,,No,No
2015,12,18,2622,1880,,No,No
2015,12,19,516,1425,,No,No
2015,12,21,626,589,,No,No
2015,12,23,655,1745,,No,No
2015,12,23,1885,2020,,No,No
2015,12,28,401,1800,,No,No
2015,12,28,1072,1352,,No,No
2016,1,4,1918,833,,No,No
2016,1,6,2690,2210,,No,No
2016,1,7,2432,113,,No,No
2016,1,7,423,1655,,No,No
2016,1,8,2314,1598,,No,No
2016,1,8,609,534,,No,No
2016,1,10,855,2378,,No,No
2016,1,11,2384,1387,,No,No
2016,1,11,2101,2300,,No,No
2016,1,14,2322,1237,,No,No
2016,1,16,523,510,,No,No
2016,1,21,2747,2435,,No,No
2016,1,22,1596,1674,,No,No
2016,1,22,1291,1332,,No,No
2016,1,23,1773,742,,No,No
2016,1,28,1361,68,,No,No
2016,2,4,750,2299,,No,No
2016,2,4,1774,2040,,No,No
2016,2,4,1928,444,,No,No
2016,2,7,1418,1127,,No,No
2016,2,7,1583,386,,No,No
2016,2,13,1821,2180,,No,No
2016,2,15,1144,940,,No,No
2016,2,18,430,2431,,No,No
2016,2,19,1556,1962,,No,No
2016,2,20,981,1701,,No,No
2016,2,23,1875,2147,,No,No
2016,2,25,517,2475,,No,No
2016,2,27,230,7,,No,No
2016,3,2,2722,19,,No,No
2016,3,4,1382,1530,,No,No
2016,3,5,1104,1303,,No,No
2016,3,11,2098,2382,,No,No
2016,3,12,887,2482,,No,No
2016,3,15,1203,1830,,No,No
2016,3,15,1995,793,,No,No
2016,3,17,331,163,,No,No
2016,3,26,1814,1227,,No,No
2016,3,26,987,1329,,No,No
2016,3,26,554,2253,,No,No
2016,4,3,2065,677,,No,No
2016,4,11,84,1003,,No,No
2016,4,14,1545,1941,,No,No
2016,4,15,1120,2024,,No,No
2016,4,18,1663,166,,No,No
2016,4,25,778,241,,No,No
2016,4,25,1859,909,,No,No
2016,4,28,600,414,,No,No
2016,5,1,1588,1538,,No,No
2016,5,1,2945,926,,No,No
2016,5,3,131,1948,,No,No
2016,5,6,2456,1681,,No,No
2016,5,10,2428,1533,,No,No
2016,5,11,140,684,,No,No
2016,5,14,449,946,,No,No
2016,5,17,1457,249,,No,No
2016,5,21,713,2031,,No,No
2016,6,5,1241,390,,No,No
2016,6,5,1976,458,,No,No
2016,6,6,1845,232,,No,No
2016,6,6,720,300,,No,No
2016,6,7,1503,1519,,No,No
2016,6,12,2088,1658,,No,No
2016,6,15,1366,387,,No,No
2016,6,16,522,1278,,No,No
2016,6,20,519,569,,No,No
2016,6,20,1690,1850,,No,No
2016,6,22,2544,1119,,No,No
2016,6,26,2670,2247,,No,No
2016,6,26,355,297,,No,No
2016,7,1,2531,1910,,No,No
2016,7,3,896,1602,,No,No
2016,7,3,1604,327,,No,No
2016,7,6,1199,1020,,No,No
2016,7,12,2167,793,,No,No
2016,7,12,2347,2236,,No,No
2016,7,14,1103,1184,,No,No
2016,7,14,1471,9,,No,No
2016,7,16,2069,2410,,No,No
2016,7,16,1006,1650,,No,No
2016,7,19,2770,2052,,No,No
2016,7,22,2773,597,,No,No
2016,7,28,1687,901,,No,No
2016,8,4,2085,21,,No,No
2016,8,5,2841,1270,,No,No
2016,8,6,913,755,,No,No
2016,8,6,886,1880,,No,No
2016,8,9,2487,574,,No,No
2016,8,11,1038,927,,No,No
2016,8,23,2308,2158,,No,No
2016,8,27,1888,162,,No,No
2016,9,6,1545,517,,No,No
2016,9,9,1842,1521,,No,No
2016,9,10,592,1222,,No,No
2016,9,13,716,1536,,No,No
2016,9,14,2289,1696,,No,No
2016,9,15,84,2115,,No,No
2016,9,22,2995,674,,No,No
2016,9,22,2347,1069,,No,No
2016,9,24,2375,1708,,No,No
2016,9,25,526,1216,,No,No
2016,9,27,1826,1306,,No,No
2016,9,28,2063,1327,,No,No
2016,10,8,2431,335,,No,No
2016,10,13,2727,946,,No,No
2016,10,14,101,1596,,No,No
2016,10,15,1381,1049,,No,No
2016,10,19,368,1250,,No,No
2016,10,19,1641,191,,No,No
2016,10,20,2594,824,,No,No
2016,10,20,1220,1655,,No,No
2016,10,22,1591,1723,,No,No
2016,10,23,666,928,,No,No
2016,10,23,2137,2469,,No,No
2016,10,27,1592,1382,,No,No
2016,10,27,1959,202,,No,No
2016,11,5,1102,44,,No,No
2016,11,7,2448,2376,,No,No
2016,11,9,2038,1403,,No,No
2016,11,12,1304,2252,,No,No
2016,11,22,1090,385,,No,No
2016,11,26,2322,1032,,No,No
2016,12,1,1759,130,,No,No
2016,12,2,611,1516,,No,No
2016,12,4,773,1489,,No,No
2016,12,9,1231,2014,,No,No
2016,12,10,2277,1774,,No,No
2016,12,11,506,843,,No,No
2016,12,12,2412,744,,No,No
2016,12,15,2289,409,,No,No
2016,12,17,1031,2138,,No,No
2016,12,20,295,1341,,No,No
2016,12,24,1069,304,,No,No
2016,12,24,2018,2217,,No,No
2016,12,26,998,1438,,No,No
2016,12,27,724,2298,,No,No
2017,1,2,2019,2281,,No,No
2017,1,2,1237,1348,,No,No
2017,1,2,504,1576,,No,No
2017,1,3,2816,1965,,No,No
2017,1,5,1683,208,,No,No
2017,1,6,1732,178,,No,No
2017,1,11,2782,443,,No,No
2017,1,11,2404,841,,No,No
2017,1,14,2128,816,,No,No
2017,1,15,2112,818,,No,No
2017,1,16,1001,149,,No,No
2017,1,16,1338,1114,,No,No
2017,1,17,996,2287,,No,No
2017,1,17,647,644,,No,No
2017,1,27,2468,1299,,No,No
2017,1,28,476,1086,,No,No
2017,1,28,748,2356,,No,No
2017,2,3,2201,422,,No,No
2017,2,5,2053,1525,,No,No
2017,2,5,1376,131,,No,No
2017,2,5,2656,2448,,No,No
2017,2,8,2168,731,,No,No
2017,2,12,2877,366,,No,No
2017,2,12,2608,291,,No,No
2017,2,14,1201,299,,No,No
2017,2,19,1212,2004,,No,No
2017,2,20,2180,1155,,No,No
2017,3,1,1506,311,,No,No
2017,3,6,1638,533,,No,No
2017,3,7,1551,678,,No,No
2017,3,13,595,34,,No,No
2017,3,16,180,2291,,No,No
2017,3,21,2236,74,,No,No
2017,3,21,2731,833,,No,No
2017,3,21,2378,1514,,No,No
2017,3,24,2645,1429,,No,No
2017,3,24,74,1855,,No,No
2017,3,24,846,1494,,No,No
2017,4,1,199,1650,,No,No
2017,4,3,2169,89,,No,No
2017,4,4,1056,1472,,No,No
2017,4,4,156,2108,,No,No
2017,4,6,1048,217,,No,No
2017,4,10,1445,1068,,No,No
2017,4,14,951,818,,No,No
2017,4,16,1626,734,,No,No
2017,4,19,1301,1867,,No,No
2017,4,19,2671,776,,No,No
2017,4,19,1386,1640,,No,No
2017,4,21,1226,1789,,No,No
2017,4,22,2612,2436,,No,No
2017,4,23,2704,1254,,No,No
2017,5,2,883,562,,No,No
2017,5,6,1106,1561,,No,No
2017,5,6,1803,2315,,No,No
2017,5,6,159,2189,,No,No
2017,5,12,144,890,,No,No
2017,5,14,2986,553,,No,No
2017,5,21,1432,1391,,No,No
2017,5,28,1802,566,,No,No
2017,6,1,501,815,,No,No
2017,6,2,2149,1609,,No,No
2017,6,3,1444,11,,No,No
2017,6,7,732,1165,,No,No
2017,6,8,2188,249,,No,No
2017,6,11,1144,609,,No,No
2017,6,12,2580,574,,No,No
2017,6,14,1403,830,,No,No
2017,6,15,67,1418,,No,No
2017,6,17,1292,123,,No,No
2017,6,20,944,2348,,No,No
2017,6,26,294,1947,,No,No
2017,7,2,2303,1220,,No,No
2017,7,2,2494,126,,No,No
2017,7,5,387,1302,,No,No
2017,7,12,1554,18,,No,No
2017,7,16,2629,2196,,No,No
2017,7,17,2730,2455,,No,No
2017,7,21,2493,1176,,No,No
2017,7,22,1435,415,,No,No
2017,7,25,292,1714,,No,No
2017,7,27,702,2219,,No,No
2017,7,27,566,2292,,No,No
2017,8,6,1407,2058,,No,No
2017,8,7,2268,2284,,No,No
2017,8,9,1731,189,,No,No
2017,8,9,1004,2028,,No,No
2017,8,15,2193,1157,,No,No
2017,8,17,2530,1204,,No,No
2017,8,18,2130,1947,,No,No
2017,8,20,1077,390,,No,No
2017,8,22,151,1517,,No,No
2017,8,22,1183,1343,,No,No
2017,8,24,791,1789,,No,No
2017,8,27,83,924,,No,No
2017,8,28,149,780,,No,No
2017,9,2,1636,202,,No,No
2017,9,6,2382,2106,,No,No
2017,9,6,1629,1181,,No,No
2017,9,7,561,282,,No,No
2017,9,9,1541,2229,,No,No
2017,9,10,1220,1088,,No,No
2017,9,15,1431,346,,No,No
2017,9,18,1306,812,,No,No
2017,9,18,1409,2460,,No,No
2017,9,18,874,2244,,No,No
2017,9,24,1285,2373,,No,No
2017,10,1,815,1630,,No,No
2017,10,2,2020,539,,No,No
2017,10,3,195,1247,,No,No
2017,10,12,431,2141,,No,No
2017,10,16,965,1883,,No,No
2017,10,17,616,41,,No,No
2017,10,21,1088,693,,No,No
2017,10,22,187,459,,No,No
2017,10,24,2755,2209,,No,No
2017,10,24,865,264,,No,No
2017,10,24,1637,1384,,No,No
2017,10,25,1118,1256,,No,No
2017,10,25,820,2006,,No,No
2017,10,26,1220,1149,,No,No
2017,10,27,977,955,,No,No
2017,11,3,2678,1162,,No,No
2017,11,10,2560,1696,,No,No
2017,11,11,2473,822,,No,No
2017,11,12,2044,109,,No,No
2017,11,25,1237,2120,,No,No
2017,11,27,1256,527,,No,No
2017,11,27,2450,1290,,No,No
2017,11,27,2152,795,,No,No
2017,12,1,2400,1701,,No,No
2017,12,1,2882,2142,,No,No
2017,12,3,2582,1077,,No,No
2017,12,6,2025,2154,,No,No
2017,12,8,2934,912,,No,No
2017,12,10,2339,1164,,No,No
2017,12,12,81,2209,,No,No
2017,12,15,792,1784,,No,No
2017,12,17,991,871,,No,No
2017,12,19,651,2500,,No,No
2017,12,19,1245,1867,,No,No
2017,12,25,1968,840,,No,No
2017,12,25,2665,432,,No,No
2018,1,1,925,1646,,No,No
2018,1,4,1155,2291,,No,No
2018,1,9,329,406,,No,No
2018,1,12,949,325,,No,No
2018,1,12,2352,2094,,No,No
2018,1,15,1429,139,,No,No
2018,1,20,2751,210,,No,No
2018,1,24,2865,1876,,No,No
2018,2,1,1874,1483,,No,No
2018,2,3,2488,1250,,No,No
2018,2,7,1107,2157,,No,No
2018,2,13,1105,297,,No,No
2018,2,14,144,169,,No,No
2018,2,15,487,935,,No,No
2018,2,16,561,163,,No,No
2018,2,17,2912,781,,No,No
2018,2,17,2568,1605,,No,No
2018,2,19,857,870,,No,No
2018,2,21,2928,1310,,No,No
2018,2,26,2106,1437,,No,No
2018,2,26,2362,1494,,No,No
2018,2,27,2080,563,,No,No
2018,3,1,2102,2166,,No,No
2018,3,3,1843,1767,,No,No
2018,3,4,1844,236,,No,No
2018,3,5,1515,2399,,No,No
2018,3,11,2210,1819,,No,No
2018,3,14,250,1351,,No,No
2018,3,15,2954,2225,,No,No
2018,3,19,1296,554,,No,No
2018,3,21,1037,573,,No,No
2018,3,23,1619,2116,,No,No
2018,3,23,575,2199,,No,No
2018,3,23,955,2183,,No,No
2018,3,23,1680,2272,,No,No
2018,3,26,738,1457,,No,No
2018,4,6,2985,1462,,No,No
2018,4,8,929,802,,No,No
2018,4,9,918,476,,No,No
2018,4,11,2211,1333,,No,No
2018,4,11,893,2476,,No,No
2018,4,16,182,604,,No,No
2018,4,19,1583,1157,,No,No
2018,4,20,1200,1213,,No,No
2018,4,24,2160,1856,,No,No
2018,4,25,2347,864,,No,No
2018,4,27,2254,2152,,No,No
2018,4,28,1377,969,,No,No
2018,5,1,2640,1093,,No,No
2018,5,3,60,1753,,No,No
2018,5,4,2275,1702,,No,No
2018,5,7,2063,491,,No,No
2018,5,9,1641,389,,No,No
2018,5,14,699,776,,No,No
2018,5,16,391,169,,No,No
2018,5,17,898,2379,,No,No
2018,5,20,2548,1272,,No,No
2018,5,21,2771,2154,,No,No
2018,5,21,2933,1384,,No,No
2018,5,21,1315,210,,No,No
2018,5,27,509,384,,No,No
2018,5,28,865,1569,,No,No
2018,5,28,1500,2389,,No,No
2018,6,6,2468,1840,,No,No
2018,6,7,424,1271,,No,No
2018,6,9,1477,885,,No,No
2018,6,12,2072,2160,,No,No
2018,6,14,525,1817,,No,No
2018,6,15,2026,372,,No,No
2018,6,15,2502,723,,No,No
2018,6,16,1362,33,,No,No
2018,6,16,573,1036,,No,No
2018,6,17,849,1654,,No,No
2018,6,17,1805,2098,,No,No
2018,6,17,1293,784,,No,No
2018,6,19,1711,1568,,No,No
2018,6,24,1293,1511,,No,No
2018,6,25,1206,1896,,No,No
2018,6,28,658,263,,No,No
2018,6,28,291,2303,,No,No
2018,6,28,2282,1210,,No,No
2018,7,1,1650,782,,No,No
2018,7,2,2202,389,,No,No
2018,7,12,977,1762,,No,No
2018,7,17,2493,1749,,No,No
2018,7,18,2906,1811,,No,No
2018,7,20,2517,645,,No,No
2018,7,24,1303,1835,,No,No
2018,7,25,2805,2220,,No,No
2018,7,27,146,1594,,No,No
2018,7,28,623,1238,,No,No
2018,8,3,960,688,,No,No
2018,8,7,1115,2032,,No,No
2018,8,8,1631,478,,No,No
2018,8,11,1243,1224,,No,No
2018,8,12,680,1253,,No,No
2018,8,14,341,1011,,No,No
2018,8,14,2796,1452,,No,No
2018,8,17,1974,565,,No,No
2018,8,18,1818,535,,No,No
2018,8,19,1149,2339,,No,No
2018,8,24,2355,2215,,No,No
2018,8,24,519,472,,No,No
2018,9,1,1290,502,,No,No
2018,9,2,2724,1991,,No,No
2018,9,6,2291,1891,,No,No
2018,9,7,438,2484,,No,No
2018,9,9,1386,2148,,No,No
2018,9,11,638,2125,,No,No
2018,9,15,888,2488,,No,No
2018,9,19,2871,666,,No,No
2018,9,19,2978,522,,No,No
2018,9,19,2599,713,,No,No
2018,9,21,2194,2235,,No,No
2018,9,25,1079,2313,,No,No
2018,9,26,2358,759,,No,No
2018,9,27,2630,1726,,No,No
2018,9,27,203,1407,,No,No
2018,9,27,1259,467,,No,No
2018,10,1,2259,276,,No,No
2018,10,2,271,2219,,No,No
2018,10,3,898,185,,No,No
2018,10,4,2714,539,,No,No
2018,10,6,1851,1526,,No,No
2018,10,8,378,590,,No,No
2018,10,9,2768,659,,No,No
2018,10,10,2733,1813,,No,No
2018,10,12,252,1100,,No,No
2018,10,14,2048,1420,,No,No
2018,10,14,1211,645,,No,No
2018,10,18,2960,1665,,No,No
2018,11,1,2452,178,,No,No
2018,11,1,2548,325,,No,No
2018,11,4,2077,2392,,No,No
2018,11,6,283,46,,No,No
2018,11,7,540,1199,,No,No
2018,11,10,2137,1280,,No,No
2018,11,12,2060,1368,,No,No
2018,11,12,1024,281,,No,No
2018,11,19,123,1206,,No,No
2018,11,19,745,248,,No,No
2018,11,22,1035,2200,,No,No
2018,11,25,1465,1773,,No,No
2018,11,25,1370,77,,No,No
2018,12,3,2255,2294,,No,No
2018,12,16,2220,2010,,No,No
2018,12,16,1067,1993,,No,No
2018,12,17,678,44,,No,No
2018,12,22,173,1363,,No,No
2018,12,28,256,1172,,No,No
2018,12,28,2825,1314,,No,No
2019,1,5,1196,2009,,No,No
2019,1,5,219,2264,,No,No
2019,1,15,984,2203,,No,No
2019,1,15,2471,1391,,No,No
2019,1,16,1484,1106,,No,No
2019,1,16,1092,1081,,No,No
2019,1,17,1624,610,,No,No
2019,1,18,1671,1688,,No,No
2019,1,19,276,2024,,No,No
2019,1,21,2512,1400,,No,No
2019,1,27,1819,403,,No,No
2019,2,3,2570,697,,No,No
2019,2,5,852,1305,,No,No
2019,2,6,2770,1241,,No,No
2019,2,6,715,1941,,No,No
2019,2,7,629,823,,No,No
2019,2,12,2124,508,,No,No
2019,2,15,682,2200,,No,No
2019,2,19,2840,1273,,No,No
2019,2,19,1966,233,,No,No
2019,2,20,1037,1423,,No,No
2019,2,23,1603,240,,No,No
2019,2,23,618,486,,No,No
2019,2,25,517,1011,,No,No
2019,2,27,1854,1960,,No,No
2019,2,28,1064,1193,,No,No
2019,3,3,1091,525,,No,No
2019,3,6,1979,1036,,No,No
2019,3,7,176,2008,,No,No
2019,3,8,1810,1828,,No,No
2019,3,9,58,635,,No,No
2019,3,9,1311,595,,No,No
2019,3,13,2423,591,,No,No
2019,3,14,1624,2433,,No,No
2019,3,15,1976,310,,No,No
2019,3,22,1810,1010,,No,No
2019,3,22,2124,1577,,No,No
2019,4,1,929,746,,No,No
2019,4,9,1677,2151,,No,No
2019,4,9,2334,1061,,No,No
2019,4,13,1326,813,,No,No
2019,4,14,2436,490,,No,No
2019,4,16,2736,1238,,No,No
2019,4,17,2517,2481,,No,No
2019,4,25,2429,1370,,No,No
2019,4,28,1573,615,,No,No
2019,5,3,1471,1956,,No,No
2019,5,5,119,742,,No,No
2019,5,5,2304,2085,,No,No
2019,5,10,228,1968,,No,No
2019,5,10,2739,2341,,No,No
2019,5,11,1184,530,,No,No
2019,5,14,635,431,,No,No
2019,5,15,2647,1199,,No,No
2019,5,16,1111,2052,,No,No
2019,5,18,53,2204,,No,No
2019,5,19,2437,1650,,No,No
2019,5,20,713,790,,No,No
2019,5,20,1219,1250,,No,No
2019,5,24,1841,1094,,No,No
2019,5,26,1386,810,,No,No
2019,5,26,2981,1204,,No,No
2019,5,26,2004,1258,,No,No
2019,5,27,1911,1623,,No,No
2019,5,27,2754,861,,No,No
2019,6,1,1045,1264,,No,No
2019,6,2,987,507,,No,No
2019,6,10,2430,618,,No,No
2019,6,11,1964,881,,No,No
2019,6,12,2582,1358,,No,No
2019,6,13,911,957,,No,No
2019,6,14,2837,704,,No,No
2019,6,15,2947,2311,,No,No
2019,6,16,2266,1727,,No,No
2019,6,17,2989,1534,,No,No
2019,6,18,1158,2168,,No,No
2019,6,20,2608,1407,,No,No
2019,6,22,2948,1544,,No,No
2019,6,24,503,2195,,No,No
2019,6,26,1426,323,,No,No
2019,6,27,1369,1749,,No,No
2019,7,3,2455,1071,,No,No
2019,7,8,707,1334,,No,No
2019,7,11,2087,14,,No,No
2019,7,16,2488,606,,No,No
2019,7,19,1727,579,,No,No
2019,7,22,2417,2302,,No,No
2019,7,24,178,1588,,No,No
2019,7,25,2217,2128,,No,No
2019,8,1,1755,2437,,No,No
2019,8,14,1136,1922,,No,No
2019,8,16,393,1802,,No,No
2019,8,20,1193,490,,No,No
2019,8,22,1886,502,,No,No
2019,8,26,804,2339,,No,No
2019,8,27,1711,157,,No,No
2019,9,1,928,1084,,No,No
2019,9,3,2718,2297,,No,No
2019,9,5,1765,978,,No,No
2019,9,9,1495,1933,,No,No
2019,9,24,1770,2398,,No,No
2019,9,25,1075,1223,,No,No
2019,9,26,1469,1769,,No,No
2019,9,28,1548,1704,,No,No
2019,10,2,1299,2331,,No,No
2019,10,3,1063,1561,,No,No
2019,10,3,2993,1251,,No,No
2019,10,4,1938,1137,,No,No
2019,10,13,1456,2003,,No,No
2019,10,16,446,491,,No,No
2019,10,17,1450,1526,,No,No
2019,10,19,1584,1070,,No,No
2019,10,25,1690,2108,,No,No
2019,10,25,1842,342,,No,No
2019,10,26,1573,1328,,No,No
2019,10,27,725,1277,,No,No
2019,10,28,2270,2280,,No,No
2019,11,1,1423,1406,,No,No
2019,11,4,1518,2106,,No,No
2019,11,5,1461,1272,,No,No
2019,11,10,354,2457,,No,No
2019,11,11,2311,907,,No,No
2019,11,13,2916,2125,,No,No
2019,11,15,179,790,,No,No
2019,11,15,464,1993,,No,No
2019,11,15,1381,1585,,No,No
2019,11,17,2444,285,,No,No
2019,11,18,818,162,,No,No
2019,11,18,706,798,,No,No
2019,11,19,2314,1864,,No,No
2019,11,23,1453,2265,,No,No
2019,11,26,2943,873,,No,No
2019,12,11,51,1608,,No,No
2019,12,11,2079,942,,No,No
2019,12,12,2919,947,,No,No
2019,12,12,1668,679,,No,No
2019,12,16,806,121,,No,No
2019,12,27,475,1512,,No,No
2019,12,27,2413,1228,,No,No
2020,1,6,469,1830,,No,No
2020,1,7,1194,602,,No,No
2020,1,10,167,1808,,No,No
2020,1,13,1475,2284,,No,No
2020,1,17,1028,1541,,No,No
2020,1,19,480,759,,No,No
2020,1,19,2610,1150,,No,No
2020,1,28,87,848,,No,No
2020,2,2,2773,274,,No,No
2020,2,4,2428,1499,,No,No
2020,2,5,2009,546,,No,No
2020,2,7,450,203,,No,No
2020,2,12,2137,2286,,No,No
2020,2,12,781,2411,,No,No
2020,2,16,1396,1417,,No,No
2020,2,16,826,2260,,No,No
2020,2,18,1839,2330,,No,No
2020,2,21,367,1166,,No,No
2020,2,25,1392,2202,,No,No
2020,3,2,93,534,,No,No
2020,3,6,2312,635,,No,No
2020,3,6,2541,2404,,No,No
2020,3,9,1613,744,,No,No
2020,3,9,931,1913,,No,No
2020,3,17,1898,161,,No,No
2020,3,21,1503,1210,,No,No
2020,3,22,1621,684,,No,No
2020,3,23,2528,2091,,No,No
2020,3,25,2469,417,,No,No
2020,3,25,456,356,,No,No
2020,3,26,1313,939,,No,No
2020,3,27,2617,278,,No,No
2020,3,27,1051,66,,No,No
2020,4,1,2456,1910,,No,No
2020,4,1,449,2311,,No,No
2020,4,2,345,1558,,No,No
2020,4,4,813,1774,,No,No
2020,4,4,1954,1956,,No,No
2020,4,7,689,1362,,No,No
2020,4,8,1082,2327,,No,No
2020,4,13,2341,2005,,No,No
2020,4,14,1320,1323,,No,No
2020,4,18,2046,630,,No,No
2020,4,19,106,1370,,No,No
2020,4,23,2282,260,,No,No
2020,4,23,2564,299,,No,No
2020,4,24,1723,818,,No,No
2020,4,25,2771,2298,,No,No
2020,4,26,2931,408,,No,No
2020,4,27,2784,1147,,No,No
2020,5,1,784,2378,,No,No
2020,5,11,2706,1049,,No,No
2020,5,15,1470,214,,No,No
2020,5,20,2102,533,,No,No
2020,5,21,1409,1454,,No,No
2020,5,24,2807,1071,,No,No
2020,5,26,124,1901,,No,No
2020,6,1,290,2096,,No,No
2020,6,7,1839,829,,No,No
2020,6,8,1042,2234,,No,No
2020,6,12,1764,1870,,No,No
2020,6,14,1818,1695,,No,No
2020,6,17,2322,1083,,No,No
2020,6,17,1956,2460,,No,No
2020,6,19,213,796,,No,No
2020,6,19,819,257,,No,No
2020,6,20,2988,1179,,No,No
2020,6,20,1620,877,,No,No
2020,6,26,387,1463,,No,No
2020,6,26,2443,1643,,No,No
2020,7,1,2230,1629,,No,No
2020,7,3,1525,549,,No,No
2020,7,4,2265,939,,No,No
2020,7,6,401,149,,No,No
2020,7,10,2606,551,,No,No
2020,7,11,1048,2461,,No,No
2020,7,14,2634,1988,,No,No
2020,7,15,1652,227,,No,No
2020,7,16,1372,2274,,No,No
2020,7,18,2534,540,,No,No
2020,7,21,227,1051,,No,No
2020,7,25,1122,2495,,No,No
2020,7,25,1117,2084,,No,No
2020,7,28,392,1089,,No,No
2020,8,3,1242,528,,No,No
2020,8,4,1153,1534,,No,No
2020,8,4,979,1142,,No,No
2020,8,4,345,1485,,No,No
2020,8,6,1966,650,,No,No
2020,8,11,2449,1653,,No,No
2020,8,12,1518,1988,,No,No
2020,8,19,2688,1881,,No,No
2020,8,22,2239,1148,,No,No
2020,8,23,1239,201,,No,No
2020,8,26,2893,790,,No,No
2020,8,27,2401,1828,,No,No
2020,9,1,2503,2485,,No,No
2020,9,2,2922,1043,,No,No
2020,9,5,1982,1246,,No,No
2020,9,5,2109,1053,,No,No
2020,9,7,895,1645,,No,No
2020,9,9,421,2169,,No,No
2020,9,10,119,1516,,No,No
2020,9,11,1787,421,,No,No
2020,9,12,2695,211,,No,No
2020,9,12,2355,838,,No,No
2020,9,13,1472,905,,No,No
2020,9,17,1910,80,,No,No
2020,9,21,2103,1832,,No,No
2020,9,22,403,722,,No,No
2020,9,24,2523,716,,No,No
2020,9,25,1761,1364,,No,No
2020,10,4,1394,1483,,No,No
2020,10,5,523,1608,,No,No
2020,10,6,505,141,,No,No
2020,10,6,2113,500,,No,No
2020,10,22,1936,722,,No,No
2020,10,24,2412,865,,No,No
2020,10,25,467,538,,No,No
2020,10,28,1731,413,,No,No
2020,11,1,515,2484,,No,No
2020,11,1,172,1742,,No,No
2020,11,1,1535,1144,,No,No
2020,11,1,1607,1195,,No,No
2020,11,3,1327,2236,,No,No
2020,11,6,447,758,,No,No
2020,11,11,98,598,,No,No
2020,11,11,2465,1910,,No,No
2020,11,16,588,2304,,No,No
2020,11,18,2101,979,,No,No
2020,11,20,417,310,,No,No
2020,11,22,2785,528,,No,No
2020,11,25,338,910,,No,No
2020,11,28,2415,1570,,No,No
2020,12,6,2961,1034,,No,No
2020,12,10,1674,2376,,No,No
2020,12,13,1003,496,,No,No
2020,12,15,713,627,,No,No
2020,12,16,215,2130,,No,No
2020,12,17,101,2022,,No,No
2020,12,20,413,239,,No,No
2020,12,20,2737,1942,,No,No
2020,12,23,1100,1819,,No,No
2021,1,1,640,1285,,No,No
2021,1,2,287,1464,,No,No
2021,1,5,991,2291,,No,No
2021,1,8,593,1660,,No,No
2021,1,10,1150,2182,,No,No
2021,1,12,1238,858,,No,No
2021,1,12,1746,2472,,No,No
2021,1,16,1114,1816,,No,No
2021,1,19,567,1279,,No,No
2021,1,21,788,2099,,No,No
2021,1,23,635,1675,,No,No
2021,1,23,334,1201,,No,No
2021,2,2,1681,1428,,No,No
2021,2,7,1135,558,,No,No
2021,2,8,1055,2418,,No,No
2021,2,10,1620,988,,No,No
2021,2,13,621,1712,,No,No
2021,2,13,2864,862,,No,No
2021,2,18,2568,1307,,No,No
2021,2,20,2711,1406,,No,No
2021,2,24,2310,134,,No,No
2021,2,25,2061,921,,No,No
2021,2,25,253,2056,,No,No
2021,2,26,422,1284,,No,No
2021,2,27,245,849,,No,No
2021,2,27,2733,471,,No,No
2021,3,1,1177,1871,,No,No
2021,3,1,296,930,,No,No
2021,3,6,1678,1372,,No,No
2021,3,10,1265,581,,No,No
2021,3,11,141,1439,,No,No
2021,3,13,2417,2266,,No,No
2021,3,16,829,1571,,No,No
2021,3,17,1297,1747,,No,No
2021,3,19,203,186,,No,No
2021,3,19,1035,1139,,No,No
2021,3,19,2598,579,,No,No
2021,3,26,496,447,,No,No
2021,3,27,1560,1258,,No,No
2021,3,27,1809,1895,,No,No
2021,3,28,2374,1267,,No,No
2021,4,2,1389,1943,,No,No
2021,4,3,2433,1009,,No,No
2021,4,3,1430,1564,,No,No
2021,4,4,2294,66,,No,No
2021,4,4,2772,1709,,No,No
2021,4,7,2377,220,,No,No
2021,4,8,2548,2308,,No,No
2021,4,10,2242,1185,,No,No
2021,4,11,2912,1068,,No,No
2021,4,17,2410,351,,No,No
2021,4,19,642,2299,,No,No
2021,4,21,1577,1533,,No,No
2021,4,22,1531,568,,No,No
2021,4,25,1494,290,,No,No
2021,5,1,2999,393,,No,No
2021,5,1,623,2129,,No,No
2021,5,5,2317,1627,,No,No
2021,5,7,2796,1908,,No,No
2021,5,7,2000,439,,No,No
2021,5,8,164,225,,No,No
2021,5,9,2583,18,,No,No
2021,5,12,2636,1735,,No,No
2021,5,14,1393,1179,,No,No
2021,5,15,224,1009,,No,No
2021,5,15,2433,913,,No,No
2021,5,16,2963,180,,No,No
2021,5,18,1958,975,,No,No
2021,5,22,1916,997,,No,No
2021,5,25,1448,669,,No,No
2021,5,27,2393,190,,No,No
2021,5,28,1519,409,,No,No
2021,6,1,1082,840,,No,No
2021,6,3,557,2117,,No,No
2021,6,4,1789,425,,No,No
2021,6,12,445,1025,,No,No
2021,6,15,946,343,,No,No
2021,6,15,1605,439,,No,No
2021,6,15,1619,2200,,No,No
2021,6,16,662,2387,,No,No
2021,6,20,962,356,,No,No
2021,6,20,1664,495,,No,No
2021,6,21,2567,267,,No,No
2021,6,22,2586,459,,No,No
2021,6,24,580,1178,,No,No
2021,6,25,2534,2286,,No,No
2021,7,2,947,1287,,No,No
2021,7,3,884,920,,No,No
2021,7,4,967,1859,,No,No
2021,7,14,1427,2447,,No,No
2021,7,18,864,1556,,No,No
2021,7,20,2459,1033,,No,No
2021,7,21,2697,761,,No,No
2021,7,21,1334,674,,No,No
2021,7,25,1024,2263,,No,No
2021,7,25,439,982,,No,No
2021,7,28,1454,1047,,No,No
2021,8,1,1696,1996,,No,No
2021,8,2,2787,443,,No,No
2021,8,6,2573,2469,,No,No
2021,8,7,2010,2499,,No,No
2021,8,8,416,339,,No,No
2021,8,8,1163,702,,No,No
2021,8,14,1672,171,,No,No
2021,8,15,286,843,,No,No
2021,8,16,264,1189,,No,No
2021,8,23,2274,640,,No,No
2021,8,25,494,1639,,No,No
2021,8,27,943,1329,,No,No
2021,8,27,1031,1782,,No,No
2021,9,1,1223,2184,,No,No
2021,9,2,1549,2257,,No,No
2021,9,7,2520,1836,,No,No
2021,9,8,1779,1600,,No,No
2021,9,10,1042,1278,,No,No
2021,9,10,2963,362,,No,No
2021,9,11,1095,1098,,No,No
2021,9,16,132,140,,No,No
2021,9,19,2392,1163,,No,No
2021,9,26,863,1661,,No,No
2021,9,26,1256,1135,,No,No
2021,10,2,2917,718,,No,No
2021,10,6,1592,679,,No,No
2021,10,10,2202,65,,No,No
2021,10,13,838,883,,No,No
2021,10,17,1197,1501,,No,No
2021,10,19,2228,726,,No,No
2021,10,21,237,879,,No,No
2021,10,25,513,1258,,No,No
2021,10,26,2480,938,,No,No
2021,10,28,977,733,,No,No
2021,11,1,1745,1652,,No,No
2021,11,3,1989,708,,No,No
2021,11,4,2628,267,,No,No
2021,11,14,826,1425,,No,No
2021,11,15,2836,2296,,No,No
2021,11,16,628,42,,No,No
2021,11,19,904,2002,,No,No
2021,11,21,2487,905,,No,No
2021,11,21,2595,148,,No,No
2021,11,22,1693,322,,No,No
2021,11,25,1598,610,,No,No
2021,11,25,187,302,,No,No
2021,11,25,1429,1705,,No,No
2021,11,27,2087,1902,,No,No
2021,11,27,1541,634,,No,No
2021,12,11,1431,362,,No,No
2021,12,13,1875,531,,No,No
2021,12,15,2763,2079,,No,No
2021,12,16,102,721,,No,No
2021,12,16,2544,1112,,No,No
2021,12,16,2712,266,,No,No
2021,12,18,2625,227,,No,No
2021,12,23,1930,1978,,No,No
2021,12,25,1194,1768,,No,No